{
  "logreg": {
    "val": {
      "accuracy": 0.5121951219512195,
      "precision": 0.5070957932083122,
      "recall": 0.8715156794425087,
      "f1_score": 0.6411406600448574,
      "roc_auc": 0.5059207650936639
    },
    "test": {
      "accuracy": 0.5058797909407665,
      "precision": 0.5033996474439688,
      "recall": 0.8706445993031359,
      "f1_score": 0.6379447901707356,
      "roc_auc": 0.4973455008862558
    }
  },
  "rf": {
    "val": {
      "accuracy": 0.8013937282229965,
      "precision": 0.8408866995073891,
      "recall": 0.7434668989547039,
      "f1_score": 0.7891816920943134,
      "roc_auc": 0.8739503218747344
    },
    "test": {
      "accuracy": 0.7894163763066202,
      "precision": 0.8287976249381495,
      "recall": 0.7295296167247387,
      "f1_score": 0.7760018531387538,
      "roc_auc": 0.8624207453653681
    }
  },
  "knn": {
    "val": {
      "accuracy": 0.8625871080139372,
      "precision": 0.8892005610098177,
      "recall": 0.828397212543554,
      "f1_score": 0.8577226606538895,
      "roc_auc": 0.9216847357622407
    },
    "test": {
      "accuracy": 0.8638937282229965,
      "precision": 0.8935468676401319,
      "recall": 0.8262195121951219,
      "f1_score": 0.8585652862638606,
      "roc_auc": 0.9267076737000571
    }
  },
  "xgb": {
    "val": {
      "accuracy": 0.8418989547038328,
      "precision": 0.9114255765199162,
      "recall": 0.757404181184669,
      "f1_score": 0.8273073263558516,
      "roc_auc": 0.9084517916327746
    },
    "test": {
      "accuracy": 0.8373257839721254,
      "precision": 0.9148366363149437,
      "recall": 0.7439024390243902,
      "f1_score": 0.8205620946432861,
      "roc_auc": 0.9098567687783026
    }
  },
  "mlp_pytorch": {
    "val": {
      "accuracy": 0.5694686411149826,
      "precision": 0.562426614481409,
      "recall": 0.6258710801393729,
      "f1_score": 0.5924551638837353,
      "roc_auc": 0.6170755798601416
    },
    "test": {
      "accuracy": 0.5657665505226481,
      "precision": 0.5598731165741475,
      "recall": 0.6149825783972126,
      "f1_score": 0.5861353258613533,
      "roc_auc": 0.6153753422100547
    }
  },
  "mlp_keras": {
    "val": {
      "accuracy": 0.5829703832752613,
      "precision": 0.5680600214362272,
      "recall": 0.6925087108013938,
      "f1_score": 0.6241413150147204,
      "roc_auc": 0.6015858325037332
    },
    "test": {
      "accuracy": 0.5757839721254355,
      "precision": 0.5613973182780522,
      "recall": 0.6929442508710801,
      "f1_score": 0.6202729044834308,
      "roc_auc": 0.5993454379074652
    }
  }
}