{
  "mlp_keras": {
    "val": {
      "accuracy": 0.5836236933797909,
      "precision": 0.5702267739575714,
      "recall": 0.679006968641115,
      "f1_score": 0.6198807157057654,
      "roc_auc": 0.6015725538430721
    },
    "test": {
      "accuracy": 0.5786149825783972,
      "precision": 0.5649514213745952,
      "recall": 0.6837979094076655,
      "f1_score": 0.6187192118226601,
      "roc_auc": 0.5973541130461704
    }
  }
}