{
  "logreg": {
    "val": {
      "accuracy": 0.5121951219512195,
      "precision": 0.5070957932083122,
      "recall": 0.8715156794425087,
      "f1_score": 0.6411406600448574,
      "roc_auc": 0.5059207650936639
    },
    "test": {
      "accuracy": 0.5058797909407665,
      "precision": 0.5033996474439688,
      "recall": 0.8706445993031359,
      "f1_score": 0.6379447901707356,
      "roc_auc": 0.4973455008862558
    }
  },
  "svm_linear": {
    "val": {
      "accuracy": 0.49847560975609756,
      "precision": 0.4984959174903309,
      "recall": 0.5052264808362369,
      "f1_score": 0.5018386329223448,
      "roc_auc": 0.5366585881824473
    },
    "test": {
      "accuracy": 0.4919425087108014,
      "precision": 0.49209739427595045,
      "recall": 0.5017421602787456,
      "f1_score": 0.4968729782186759,
      "roc_auc": 0.527789675879275
    }
  },
  "svm_rbf": {
    "val": {
      "accuracy": 0.4679878048780488,
      "precision": 0.47292817679558014,
      "recall": 0.5592334494773519,
      "f1_score": 0.5124725603671921,
      "roc_auc": 0.49375115714042905
    },
    "test": {
      "accuracy": 0.47081881533101044,
      "precision": 0.47525849335302806,
      "recall": 0.5605400696864111,
      "f1_score": 0.5143884892086331,
      "roc_auc": 0.5000170725637072
    }
  },
  "rf": {
    "val": {
      "accuracy": 0.8013937282229965,
      "precision": 0.8408866995073891,
      "recall": 0.7434668989547039,
      "f1_score": 0.7891816920943134,
      "roc_auc": 0.8739504167223106
    },
    "test": {
      "accuracy": 0.7894163763066202,
      "precision": 0.8287976249381495,
      "recall": 0.7295296167247387,
      "f1_score": 0.7760018531387538,
      "roc_auc": 0.8624202711274873
    }
  },
  "knn": {
    "val": {
      "accuracy": 0.8625871080139372,
      "precision": 0.8892005610098177,
      "recall": 0.828397212543554,
      "f1_score": 0.8577226606538895,
      "roc_auc": 0.9216847357622407
    },
    "test": {
      "accuracy": 0.8638937282229965,
      "precision": 0.8935468676401319,
      "recall": 0.8262195121951219,
      "f1_score": 0.8585652862638606,
      "roc_auc": 0.9267076737000571
    }
  },
  "dummy_majority": {
    "val": {
      "accuracy": 0.5,
      "precision": 0.0,
      "recall": 0.0,
      "f1_score": 0.0,
      "roc_auc": 0.5
    },
    "test": {
      "accuracy": 0.5,
      "precision": 0.0,
      "recall": 0.0,
      "f1_score": 0.0,
      "roc_auc": 0.5
    }
  },
  "xgb": {
    "val": {
      "accuracy": 0.8403745644599303,
      "precision": 0.9141494435612083,
      "recall": 0.7513066202090593,
      "f1_score": 0.8247669136983027,
      "roc_auc": 0.9088544195935364
    },
    "test": {
      "accuracy": 0.8360191637630662,
      "precision": 0.9172525689561926,
      "recall": 0.7386759581881533,
      "f1_score": 0.818335343787696,
      "roc_auc": 0.9103423883681967
    }
  }
}