{
  "mlp_pytorch": {
    "val": {
      "accuracy": 0.5694686411149826,
      "precision": 0.562426614481409,
      "recall": 0.6258710801393729,
      "f1_score": 0.5924551638837353,
      "roc_auc": 0.6170755798601416
    },
    "test": {
      "accuracy": 0.5657665505226481,
      "precision": 0.5598731165741475,
      "recall": 0.6149825783972126,
      "f1_score": 0.5861353258613533,
      "roc_auc": 0.6153753422100547
    }
  }
}