{
  "logreg": {
    "val": {
      "accuracy": 0.5121951219512195,
      "precision": 0.5070957932083122,
      "recall": 0.8715156794425087,
      "f1_score": 0.6411406600448574,
      "roc_auc": 0.5059207650936639
    },
    "test": {
      "accuracy": 0.5058797909407665,
      "precision": 0.5033996474439688,
      "recall": 0.8706445993031359,
      "f1_score": 0.6379447901707356,
      "roc_auc": 0.4973455008862558
    }
  },
  "svm_linear": {
    "val": {
      "accuracy": 0.48998257839721254,
      "precision": 0.4904246461282265,
      "recall": 0.5130662020905923,
      "f1_score": 0.5014899957428693,
      "roc_auc": 0.5359569058140805
    },
    "test": {
      "accuracy": 0.4943379790940767,
      "precision": 0.4944349315068493,
      "recall": 0.5030487804878049,
      "f1_score": 0.49870466321243523,
      "roc_auc": 0.5293481164030157
    }
  },
  "svm_rbf": {
    "val": {
      "accuracy": 0.4843205574912892,
      "precision": 0.4875432525951557,
      "recall": 0.6136759581881533,
      "f1_score": 0.5433860393366756,
      "roc_auc": 0.4650025722662652
    },
    "test": {
      "accuracy": 0.48497386759581884,
      "precision": 0.48829317950458095,
      "recall": 0.6267421602787456,
      "f1_score": 0.5489223726873927,
      "roc_auc": 0.4604088196105331
    }
  },
  "rf": {
    "val": {
      "accuracy": 0.8013937282229965,
      "precision": 0.8408866995073891,
      "recall": 0.7434668989547039,
      "f1_score": 0.7891816920943134,
      "roc_auc": 0.8739502270271584
    },
    "test": {
      "accuracy": 0.7894163763066202,
      "precision": 0.8287976249381495,
      "recall": 0.7295296167247387,
      "f1_score": 0.7760018531387538,
      "roc_auc": 0.8624207453653681
    }
  },
  "knn": {
    "val": {
      "accuracy": 0.8625871080139372,
      "precision": 0.8892005610098177,
      "recall": 0.828397212543554,
      "f1_score": 0.8577226606538895,
      "roc_auc": 0.9216847357622407
    },
    "test": {
      "accuracy": 0.8638937282229965,
      "precision": 0.8935468676401319,
      "recall": 0.8262195121951219,
      "f1_score": 0.8585652862638606,
      "roc_auc": 0.9267076737000571
    }
  },
  "dummy_majority": {
    "val": {
      "accuracy": 0.5,
      "precision": 0.0,
      "recall": 0.0,
      "f1_score": 0.0,
      "roc_auc": 0.5
    },
    "test": {
      "accuracy": 0.5,
      "precision": 0.0,
      "recall": 0.0,
      "f1_score": 0.0,
      "roc_auc": 0.5
    }
  },
  "xgb": {
    "val": {
      "accuracy": 0.8403745644599303,
      "precision": 0.9141494435612083,
      "recall": 0.7513066202090593,
      "f1_score": 0.8247669136983027,
      "roc_auc": 0.9088544195935364
    },
    "test": {
      "accuracy": 0.8360191637630662,
      "precision": 0.9172525689561926,
      "recall": 0.7386759581881533,
      "f1_score": 0.818335343787696,
      "roc_auc": 0.9103423883681967
    }
  }
}