{
  "logreg": {
    "val": {
      "accuracy": 0.5121951219512195,
      "precision": 0.5070957932083122,
      "recall": 0.8715156794425087,
      "f1_score": 0.6411406600448574,
      "roc_auc": 0.5059207650936639
    },
    "test": {
      "accuracy": 0.5058797909407665,
      "precision": 0.5033996474439688,
      "recall": 0.8706445993031359,
      "f1_score": 0.6379447901707356,
      "roc_auc": 0.4973455008862558
    }
  },
  "rf": {
    "val": {
      "accuracy": 0.8013937282229965,
      "precision": 0.8408866995073891,
      "recall": 0.7434668989547039,
      "f1_score": 0.7891816920943134,
      "roc_auc": 0.8739504167223107
    },
    "test": {
      "accuracy": 0.7894163763066202,
      "precision": 0.8287976249381495,
      "recall": 0.7295296167247387,
      "f1_score": 0.7760018531387538,
      "roc_auc": 0.8624208402129441
    }
  },
  "knn": {
    "val": {
      "accuracy": 0.8625871080139372,
      "precision": 0.8892005610098177,
      "recall": 0.828397212543554,
      "f1_score": 0.8577226606538895,
      "roc_auc": 0.9216847357622407
    },
    "test": {
      "accuracy": 0.8638937282229965,
      "precision": 0.8935468676401319,
      "recall": 0.8262195121951219,
      "f1_score": 0.8585652862638606,
      "roc_auc": 0.9267076737000571
    }
  },
  "xgb": {
    "val": {
      "accuracy": 0.8418989547038328,
      "precision": 0.9114255765199162,
      "recall": 0.757404181184669,
      "f1_score": 0.8273073263558516,
      "roc_auc": 0.9084517916327746
    },
    "test": {
      "accuracy": 0.8373257839721254,
      "precision": 0.9148366363149437,
      "recall": 0.7439024390243902,
      "f1_score": 0.8205620946432861,
      "roc_auc": 0.9098567687783026
    }
  },
  "mlp_pytorch": {
    "val": {
      "accuracy": 0.5847125435540069,
      "precision": 0.572983114446529,
      "recall": 0.6650696864111498,
      "f1_score": 0.6156016932070147,
      "roc_auc": 0.6172241111643944
    },
    "test": {
      "accuracy": 0.5838414634146342,
      "precision": 0.5726141078838174,
      "recall": 0.6611498257839721,
      "f1_score": 0.613705275924803,
      "roc_auc": 0.6128091461897073
    }
  },
  "mlp_keras": {
    "val": {
      "accuracy": 0.5986498257839721,
      "precision": 0.5899166335847559,
      "recall": 0.6472125435540069,
      "f1_score": 0.6172377985462097,
      "roc_auc": 0.6270811455159101
    },
    "test": {
      "accuracy": 0.5927700348432056,
      "precision": 0.5852682145716573,
      "recall": 0.6367595818815331,
      "f1_score": 0.6099290780141844,
      "roc_auc": 0.6251400898699754
    }
  }
}