{
  "accuracy": 0.9291135509542406,
  "precision": 0.8632897603485838,
  "recall": 0.6903310104529616,
  "f1_score": 0.7671829622458858,
  "auc_score": 0.9509960637221195
}