{
  "accuracy": 0.8874128919860628,
  "precision": 0.9004952723998199,
  "recall": 0.8710801393728222,
  "f1_score": 0.8855435023245517,
  "auc_score": 0.9548642200038849
}