{
  "accuracy": 0.882404181184669,
  "precision": 0.9125939849624061,
  "recall": 0.8458188153310104,
  "f1_score": 0.8779385171790235,
  "auc_score": 0.9497734660491204
}