{
  "accuracy": 0.8752177700348432,
  "precision": 0.9031352363125877,
  "recall": 0.8405923344947736,
  "f1_score": 0.8707421610647417,
  "auc_score": 0.946909922877539
}