{
  "accuracy": 0.9319136393780856,
  "precision": 0.8561786085150571,
  "recall": 0.7182055749128919,
  "f1_score": 0.7811463761250592,
  "auc_score": 0.9543273754799632
}