{
  "accuracy": 0.9325031316778425,
  "precision": 0.8774617067833698,
  "recall": 0.6986062717770035,
  "f1_score": 0.7778855480116392,
  "auc_score": 0.9532451115214351
}