{
  "accuracy": 0.8806620209059234,
  "precision": 0.8969118982742961,
  "recall": 0.860191637630662,
  "f1_score": 0.8781680746998666,
  "auc_score": 0.9514278923199262
}