{
  "accuracy": 0.9317662663031464,
  "precision": 0.8391089108910891,
  "recall": 0.7382404181184669,
  "f1_score": 0.7854494902687674,
  "auc_score": 0.9490944629433624
}