{
  "accuracy": 0.8815331010452961,
  "precision": 0.8945945945945946,
  "recall": 0.8649825783972126,
  "f1_score": 0.8795394154118689,
  "auc_score": 0.9504312339897292
}