{
  "accuracy": 0.9287451182668927,
  "precision": 0.8617310832879695,
  "recall": 0.6894599303135889,
  "f1_score": 0.7660295185095573,
  "auc_score": 0.9495121951219512
}