{
  "seeds": 5,
  "accuracy_mean": 0.8815331010452963,
  "accuracy_std": 0.0008710801393728151,
  "auc_mean": 0.9506006791845233,
  "auc_std": 0.0008272131354029044,
  "per_seed": [
    {
      "accuracy": 0.8806620209059234,
      "precision": 0.8969118982742961,
      "recall": 0.860191637630662,
      "f1_score": 0.8781680746998666,
      "auc_score": 0.9514278923199262
    },
    {
      "accuracy": 0.882404181184669,
      "precision": 0.9125939849624061,
      "recall": 0.8458188153310104,
      "f1_score": 0.8779385171790235,
      "auc_score": 0.9497734660491204
    }
  ]
}